[
  {
    "id": "air",
    "name": "Air",
    "texture": "air.png",
    "categories": [
      "Natural Blocks"
    ],
    "blockstates": [
      "air"
    ]
  },
  {
    "id": "cave_air",
    "name": "Cave Air",
    "texture": "cave_air_1.png",
    "categories": [
      "Natural Blocks"
    ],
    "blockstates": [
      "cave_air",
      "cave_air_2",
      "cave_air_3",
      "cave_air_4",
      "cave_air_5"
    ]
  },
  {
    "id": "short_grass",
    "name": "Short Grass",
    "texture": "short_grass.png",
    "categories": [
      "Natural Blocks"
    ],
    "blockstates": [
      "short_grass"
    ]
  },
  {
    "id": "tall_grass",
    "name": "Tall Grass",
    "texture": "tall_grass_top.png",
    "categories": [
      "Natural Blocks"
    ],
    "blockstates": [
      "tall_grass",
      "tall_grass_bottom"
    ]
  },
  {
    "id": "short_dry_grass",
    "name": "Short Dry Grass",
    "texture": "short_dry_grass.png",
    "categories": [
      "Natural Blocks"
    ],
    "blockstates": [
      "short_dry_grass"
    ]
  },
  {
    "id": "tall_dry_grass",
    "name": "Tall Dry Grass",
    "texture": "tall_dry_grass.png",
    "categories": [
      "Natural Blocks"
    ],
    "blockstates": [
      "tall_dry_grass"
    ]
  },
  {
    "id": "dandelion",
    "name": "Dandelion",
    "texture": "dandelion.png",
    "categories": [
      "Natural Blocks"
    ],
    "blockstates": [
      "dandelion"
    ]
  },
  {
    "id": "poppy",
    "name": "Poppy",
    "texture": "poppy.png",
    "categories": [
      "Natural Blocks"
    ],
    "blockstates": [
      "poppy"
    ]
  },
  {
    "id": "blue_orchid",
    "name": "Blue Orchid",
    "texture": "blue_orchid.png",
    "categories": [
      "Natural Blocks"
    ],
    "blockstates": [
      "blue_orchid"
    ]
  },
  {
    "id": "allium",
    "name": "Allium",
    "texture": "allium.png",
    "categories": [
      "Natural Blocks"
    ],
    "blockstates": [
      "allium"
    ]
  },
  {
    "id": "azure_bluet",
    "name": "Azure Bluet",
    "texture": "azure_bluet.png",
    "categories": [
      "Natural Blocks"
    ],
    "blockstates": [
      "azure_bluet"
    ]
  },
  {
    "id": "red_tulip",
    "name": "Red Tulip",
    "texture": "red_tulip.png",
    "categories": [
      "Natural Blocks"
    ],
    "blockstates": [
      "red_tulip"
    ]
  },
  {
    "id": "orange_tulip",
    "name": "Orange Tulip",
    "texture": "orange_tulip.png",
    "categories": [
      "Natural Blocks"
    ],
    "blockstates": [
      "orange_tulip"
    ]
  },
  {
    "id": "white_tulip",
    "name": "White Tulip",
    "texture": "white_tulip.png",
    "categories": [
      "Natural Blocks"
    ],
    "blockstates": [
      "white_tulip"
    ]
  },
  {
    "id": "pink_tulip",
    "name": "Pink Tulip",
    "texture": "pink_tulip.png",
    "categories": [
      "Natural Blocks"
    ],
    "blockstates": [
      "pink_tulip"
    ]
  },
  {
    "id": "oxeye_daisy",
    "name": "Oxeye Daisy",
    "texture": "oxeye_daisy.png",
    "categories": [
      "Natural Blocks"
    ],
    "blockstates": [
      "oxeye_daisy"
    ]
  },
  {
    "id": "cornflower",
    "name": "Cornflower",
    "texture": "cornflower.png",
    "categories": [
      "Natural Blocks"
    ],
    "blockstates": [
      "cornflower"
    ]
  },
  {
    "id": "lily_of_the_valley",
    "name": "Lily of the Valley",
    "texture": "lily_of_the_valley.png",
    "categories": [
      "Natural Blocks"
    ],
    "blockstates": [
      "lily_of_the_valley"
    ]
  },
  {
    "id": "torchflower",
    "name": "Torchflower",
    "texture": "torchflower.png",
    "categories": [
      "Natural Blocks"
    ],
    "blockstates": [
      "torchflower"
    ]
  },
  {
    "id": "closed_eyeblossom",
    "name": "Closed Eyeblossom",
    "texture": "closed_eyeblossom.png",
    "categories": [
      "Natural Blocks"
    ],
    "blockstates": [
      "closed_eyeblossom",
      "open_eyeblossom"
    ]
  },
  {
    "id": "wither_rose",
    "name": "Wither Rose",
    "texture": "wither_rose.png",
    "categories": [
      "Natural Blocks"
    ],
    "blockstates": [
      "wither_rose"
    ]
  },
  {
    "id": "cactus_flower",
    "name": "Cactus Flower",
    "texture": "cactus_flower.png",
    "categories": [
      "Natural Blocks"
    ],
    "blockstates": [
      "cactus_flower"
    ]
  },
  {
    "id": "spore_blossom",
    "name": "Spore Blossom",
    "texture": "spore_blossom.png",
    "categories": [
      "Natural Blocks"
    ],
    "blockstates": [
      "spore_blossom"
    ]
  },
  {
    "id": "sunflower",
    "name": "Sunflower",
    "texture": "sunflower_top.png",
    "categories": [
      "Natural Blocks"
    ],
    "blockstates": [
      "sunflower",
      "sunflower_bottom"
    ]
  },
  {
    "id": "bush",
    "name": "Bush",
    "texture": "bush.png",
    "categories": [
      "Natural Blocks"
    ],
    "blockstates": [
      "bush"
    ]
  },
  {
    "id": "firefly_bush",
    "name": "Firefly Bush",
    "texture": "firefly_bush.png",
    "categories": [
      "Natural Blocks"
    ],
    "blockstates": [
      "firefly_bush",
      "firefly_bush_on"
    ]
  },
  {
    "id": "dead_bush",
    "name": "Dead Bush",
    "texture": "dead_bush.png",
    "categories": [
      "Natural Blocks"
    ],
    "blockstates": [
      "dead_bush"
    ]
  },
  {
    "id": "fern",
    "name": "Fern",
    "texture": "fern.png",
    "categories": [
      "Natural Blocks"
    ],
    "blockstates": [
      "fern"
    ]
  },
  {
    "id": "large_fern",
    "name": "Large Fern",
    "texture": "large_fern_top.png",
    "categories": [
      "Natural Blocks"
    ],
    "blockstates": [
      "large_fern",
      "large_fern_bottom"
    ]
  },
  {
    "id": "bamboo",
    "name": "Bamboo",
    "texture": "bamboo_plant.png",
    "categories": [
      "Natural Blocks"
    ],
    "blockstates": [
      "bamboo",
      "bamboo_stick",
      "bamboo_stick_small",
      "bamboo_stick_large"
    ]
  },
  {
    "id": "sugar_cane",
    "name": "Sugar Cane",
    "texture": "sugar_cane.png",
    "categories": [
      "Natural Blocks"
    ],
    "blockstates": [
      "sugar_cane"
    ]
  },
  {
    "id": "pale_hanging_moss",
    "name": "Pale Hanging Moss",
    "texture": "pale_hanging_moss.png",
    "categories": [
      "Natural Blocks"
    ],
    "blockstates": [
      "pale_hanging_moss",
      "pale_hanging_moss_tip"
    ]
  },
  {
    "id": "cactus",
    "name": "Cactus",
    "texture": "cactus_side.png",
    "categories": [
      "Natural Blocks"
    ],
    "blockstates": [
      "cactus"
    ]
  },
  {
    "id": "vines",
    "name": "Vines",
    "texture": "vine.png",
    "categories": [
      "Natural Blocks"
    ],
    "blockstates": [
      "vines"
    ]
  },
  {
    "id": "cobweb",
    "name": "Cobweb",
    "texture": "cobweb.png",
    "categories": [
      "Natural Blocks"
    ],
    "blockstates": [
      "cobweb"
    ]
  },
  {
    "id": "grass_block",
    "name": "Grass Block",
    "texture": "grass_block_side.png",
    "categories": [
      "Natural Blocks"
    ],
    "blockstates": [
      "grass_block_side",
      "grass_block_snow"
    ]
  },
  {
    "id": "podzol",
    "name": "Podzol",
    "texture": "podzol_side.png",
    "categories": [
      "Natural Blocks"
    ],
    "blockstates": [
      "podzol"
    ]
  },
  {
    "id": "mycelium",
    "name": "Mycelium",
    "texture": "mycelium_side.png",
    "categories": [
      "Natural Blocks"
    ],
    "blockstates": [
      "mycelium"
    ]
  },
  {
    "id": "dirt",
    "name": "Dirt",
    "texture": "dirt.png",
    "categories": [
      "Natural Blocks"
    ],
    "blockstates": [
      "dirt",
      "dirt_path_side"
    ]
  },
  {
    "id": "coarse_dirt",
    "name": "Coarse Dirt",
    "texture": "coarse_dirt.png",
    "categories": [
      "Natural Blocks"
    ],
    "blockstates": [
      "coarse_dirt"
    ]
  },
  {
    "id": "rooted_dirt",
    "name": "Rooted Dirt",
    "texture": "rooted_dirt.png",
    "categories": [
      "Natural Blocks"
    ],
    "blockstates": [
      "rooted_dirt"
    ]
  },
  {
    "id": "snow_layer",
    "name": "Snow",
    "texture": "snow_layer_1.png",
    "categories": [
      "Natural Blocks"
    ],
    "blockstates": [
      "snow_layer",
      "snow_layer_2",
      "snow_layer_3",
      "snow_layer_4",
      "snow_layer_5",
      "snow_layer_6",
      "snow_layer_7",
      "snow_layer_8"
    ]
  },
  {
    "id": "snow_block",
    "name": "Snow Block",
    "texture": "snow.png",
    "categories": [
      "Natural Blocks"
    ],
    "blockstates": [
      "snow_block"
    ]
  },
  {
    "id": "powder_snow",
    "name": "Powder Snow",
    "texture": "powder_snow.png",
    "categories": [
      "Natural Blocks"
    ],
    "blockstates": [
      "powder_snow"
    ]
  },
  {
    "id": "ice",
    "name": "Ice",
    "texture": "ice.png",
    "categories": [
      "Natural Blocks"
    ],
    "blockstates": [
      "ice"
    ]
  },
  {
    "id": "packed_ice",
    "name": "Packed Ice",
    "texture": "packed_ice.png",
    "categories": [
      "Natural Blocks"
    ],
    "blockstates": [
      "packed_ice"
    ]
  },
  {
    "id": "blue_ice",
    "name": "Blue Ice",
    "texture": "blue_ice.png",
    "categories": [
      "Natural Blocks"
    ],
    "blockstates": [
      "blue_ice"
    ]
  },
  {
    "id": "water",
    "name": "Water",
    "texture": "water_full.png",
    "categories": [
      "Natural Blocks"
    ],
    "blockstates": [
      "water",
      "small_water"
    ]
  },
  {
    "id": "sand",
    "name": "Sand",
    "texture": "sand.png",
    "categories": [
      "Natural Blocks"
    ],
    "blockstates": [
      "sand"
    ]
  },
  {
    "id": "red_sand",
    "name": "Red Sand",
    "texture": "red_sand.png",
    "categories": [
      "Natural Blocks"
    ],
    "blockstates": [
      "red_sand"
    ]
  },
  {
    "id": "sandstone",
    "name": "Sandstone",
    "texture": "sandstone.png",
    "categories": [
      "Natural Blocks",
      "Building Blocks"
    ],
    "blockstates": [
      "sandstone"
    ]
  },
  {
    "id": "red_sandstone",
    "name": "Red Sandstone",
    "texture": "red_sandstone.png",
    "categories": [
      "Natural Blocks",
      "Building Blocks"
    ],
    "blockstates": [
      "red_sandstone"
    ]
  },
  {
    "id": "gravel",
    "name": "Gravel",
    "texture": "gravel.png",
    "categories": [
      "Natural Blocks"
    ],
    "blockstates": [
      "gravel"
    ]
  },
  {
    "id": "clay",
    "name": "Clay",
    "texture": "clay.png",
    "categories": [
      "Natural Blocks"
    ],
    "blockstates": [
      "clay"
    ]
  },
  {
    "id": "mud",
    "name": "Mud",
    "texture": "mud.png",
    "categories": [
      "Natural Blocks"
    ],
    "blockstates": [
      "mud"
    ]
  },
  {
    "id": "mangrove_roots",
    "name": "Mangrove Roots",
    "texture": "mangrove_roots.png",
    "categories": [
      "Natural Blocks"
    ],
    "blockstates": [
      "mangrove_roots"
    ]
  },
  {
    "id": "muddy_mangrove_roots",
    "name": "Muddy Mangrove Roots",
    "texture": "muddy_mangrove_roots_side.png",
    "categories": [
      "Natural Blocks"
    ],
    "blockstates": [
      "muddy_mangrove_roots",
      "muddy_mangrove_roots_x",
      "muddy_mangrove_roots_z"
    ]
  },
  {
    "id": "moss_carpet",
    "name": "Moss Carpet",
    "texture": "moss_carpet.png",
    "categories": [
      "Natural Blocks"
    ],
    "blockstates": [
      "moss_carpet"
    ]
  },
  {
    "id": "moss_block",
    "name": "Moss Block",
    "texture": "moss_block.png",
    "categories": [
      "Natural Blocks"
    ],
    "blockstates": [
      "moss_block"
    ]
  },
  {
    "id": "pale_moss_carpet",
    "name": "Pale Moss Carpet",
    "texture": "pale_moss_carpet.png",
    "categories": [
      "Natural Blocks"
    ],
    "blockstates": [
      "pale_moss_carpet",
      "pale_moss_carpet_small"
    ]
  },
  {
    "id": "pale_moss_block",
    "name": "Pale Moss Block",
    "texture": "pale_moss_block.png",
    "categories": [
      "Natural Blocks"
    ],
    "blockstates": [
      "pale_moss_block"
    ]
  },
  {
    "id": "oak_log",
    "name": "Oak Log",
    "texture": "oak_log.png",
    "categories": [
      "Natural Blocks",
      "Building Blocks"
    ],
    "blockstates": [
      "oak_log",
      "oak_log_x",
      "oak_log_z"
    ]
  },
  {
    "id": "spruce_log",
    "name": "Spruce Log",
    "texture": "spruce_log.png",
    "categories": [
      "Natural Blocks",
      "Building Blocks"
    ],
    "blockstates": [
      "spruce_log",
      "spruce_log_x",
      "spruce_log_z"
    ]
  },
  {
    "id": "birch_log",
    "name": "Birch Log",
    "texture": "birch_log.png",
    "categories": [
      "Natural Blocks",
      "Building Blocks"
    ],
    "blockstates": [
      "birch_log",
      "birch_log_x",
      "birch_log_z"
    ]
  },
  {
    "id": "jungle_log",
    "name": "Jungle Log",
    "texture": "jungle_log.png",
    "categories": [
      "Natural Blocks",
      "Building Blocks"
    ],
    "blockstates": [
      "jungle_log",
      "jungle_log_x",
      "jungle_log_z"
    ]
  },
  {
    "id": "acacia_log",
    "name": "Acacia Log",
    "texture": "acacia_log.png",
    "categories": [
      "Natural Blocks",
      "Building Blocks"
    ],
    "blockstates": [
      "acacia_log",
      "acacia_log_x",
      "acacia_log_z"
    ]
  },
  {
    "id": "dark_oak_log",
    "name": "Dark Oak Log",
    "texture": "dark_oak_log.png",
    "categories": [
      "Natural Blocks",
      "Building Blocks"
    ],
    "blockstates": [
      "dark_oak_log",
      "dark_oak_log_x",
      "dark_oak_log_z"
    ]
  },
  {
    "id": "mangrove_log",
    "name": "Mangrove Log",
    "texture": "mangrove_log.png",
    "categories": [
      "Natural Blocks",
      "Building Blocks"
    ],
    "blockstates": [
      "mangrove_log",
      "mangrove_log_x",
      "mangrove_log_z"
    ]
  },
  {
    "id": "cherry_log",
    "name": "Cherry Log",
    "texture": "cherry_log.png",
    "categories": [
      "Natural Blocks",
      "Building Blocks"
    ],
    "blockstates": [
      "cherry_log",
      "cherry_log_x",
      "cherry_log_z"
    ]
  },
  {
    "id": "pale_oak_log",
    "name": "Pale Oak Log",
    "texture": "pale_oak_log.png",
    "categories": [
      "Natural Blocks",
      "Building Blocks"
    ],
    "blockstates": [
      "pale_oak_log",
      "pale_oak_log_x",
      "pale_oak_log_z"
    ]
  },
  {
    "id": "crimson_stem",
    "name": "Crimson Stem",
    "texture": "crimson_stem.png",
    "categories": [
      "Natural Blocks",
      "Building Blocks"
    ],
    "blockstates": [
      "crimson_stem",
      "crimson_stem_x",
      "crimson_stem_z"
    ]
  },
  {
    "id": "warped_stem",
    "name": "Warped Stem",
    "texture": "warped_stem.png",
    "categories": [
      "Natural Blocks",
      "Building Blocks"
    ],
    "blockstates": [
      "warped_stem",
      "warped_stem_x",
      "warped_stem_z"
    ]
  },
  {
    "id": "oak_leaves",
    "name": "Oak Leaves",
    "texture": "oak_leaves.png",
    "categories": [
      "Natural Blocks"
    ],
    "blockstates": [
      "oak_leaves"
    ]
  },
  {
    "id": "spruce_leaves",
    "name": "Spruce Leaves",
    "texture": "spruce_leaves.png",
    "categories": [
      "Natural Blocks"
    ],
    "blockstates": [
      "spruce_leaves"
    ]
  },
  {
    "id": "birch_leaves",
    "name": "Birch Leaves",
    "texture": "birch_leaves.png",
    "categories": [
      "Natural Blocks"
    ],
    "blockstates": [
      "birch_leaves"
    ]
  },
  {
    "id": "jungle_leaves",
    "name": "Jungle Leaves",
    "texture": "jungle_leaves.png",
    "categories": [
      "Natural Blocks"
    ],
    "blockstates": [
      "jungle_leaves"
    ]
  },
  {
    "id": "acacia_leaves",
    "name": "Acacia Leaves",
    "texture": "acacia_leaves.png",
    "categories": [
      "Natural Blocks"
    ],
    "blockstates": [
      "acacia_leaves"
    ]
  },
  {
    "id": "dark_oak_leaves",
    "name": "Dark Oak Leaves",
    "texture": "dark_oak_leaves.png",
    "categories": [
      "Natural Blocks"
    ],
    "blockstates": [
      "dark_oak_leaves"
    ]
  },
  {
    "id": "mangrove_leaves",
    "name": "Mangrove Leaves",
    "texture": "mangrove_leaves.png",
    "categories": [
      "Natural Blocks"
    ],
    "blockstates": [
      "mangrove_leaves"
    ]
  },
  {
    "id": "cherry_leaves",
    "name": "Cherry Leaves",
    "texture": "cherry_leaves.png",
    "categories": [
      "Natural Blocks"
    ],
    "blockstates": [
      "cherry_leaves"
    ]
  },
  {
    "id": "pale_oak_leaves",
    "name": "Pale Oak Leaves",
    "texture": "pale_oak_leaves.png",
    "categories": [
      "Natural Blocks"
    ],
    "blockstates": [
      "pale_oak_leaves"
    ]
  },
  {
    "id": "mushroom_stem",
    "name": "Mushroom Stem",
    "texture": "mushroom_stem.png",
    "categories": [
      "Natural Blocks"
    ],
    "blockstates": [
      "mushroom_stem",
      "mushroom_block_inside"
    ]
  },
  {
    "id": "brown_mushroom_block",
    "name": "Brown Mushroom Block",
    "texture": "brown_mushroom_block.png",
    "categories": [
      "Natural Blocks"
    ],
    "blockstates": [
      "brown_mushroom_block",
      "brown_mushroom_block_inside"
    ]
  },
  {
    "id": "red_mushroom_block",
    "name": "Red Mushroom Block",
    "texture": "red_mushroom_block.png",
    "categories": [
      "Natural Blocks"
    ],
    "blockstates": [
      "red_mushroom_block",
      "red_mushroom_block_inside"
    ]
  },
  {
    "id": "nether_wart_block",
    "name": "Nether Wart Block",
    "texture": "nether_wart_block.png",
    "categories": [
      "Natural Blocks"
    ],
    "blockstates": [
      "nether_wart_block"
    ]
  },
  {
    "id": "warped_wart_block",
    "name": "Warped Wart Block",
    "texture": "warped_wart_block.png",
    "categories": [
      "Natural Blocks"
    ],
    "blockstates": [
      "warped_wart_block"
    ]
  },
  {
    "id": "stone",
    "name": "Stone",
    "texture": "stone.png",
    "categories": [
      "Natural Blocks",
      "Building Blocks"
    ],
    "blockstates": [
      "stone"
    ]
  },
  {
    "id": "granite",
    "name": "Granite",
    "texture": "granite.png",
    "categories": [
      "Natural Blocks",
      "Building Blocks"
    ],
    "blockstates": [
      "granite"
    ]
  },
  {
    "id": "diorite",
    "name": "Diorite",
    "texture": "diorite.png",
    "categories": [
      "Natural Blocks",
      "Building Blocks"
    ],
    "blockstates": [
      "diorite"
    ]
  },
  {
    "id": "andesite",
    "name": "Andesite",
    "texture": "andesite.png",
    "categories": [
      "Natural Blocks",
      "Building Blocks"
    ],
    "blockstates": [
      "andesite"
    ]
  },
  {
    "id": "calcite",
    "name": "Calcite",
    "texture": "calcite.png",
    "categories": [
      "Natural Blocks"
    ],
    "blockstates": [
      "calcite"
    ]
  },
  {
    "id": "tuff",
    "name": "Tuff",
    "texture": "tuff.png",
    "categories": [
      "Natural Blocks",
      "Building Blocks"
    ],
    "blockstates": [
      "tuff"
    ]
  },
  {
    "id": "dripstone_block",
    "name": "Dripstone Block",
    "texture": "dripstone_block.png",
    "categories": [
      "Natural Blocks"
    ],
    "blockstates": [
      "dripstone_block"
    ]
  },
  {
    "id": "deepslate",
    "name": "Deepslate",
    "texture": "deepslate.png",
    "categories": [
      "Natural Blocks",
      "Building Blocks"
    ],
    "blockstates": [
      "deepslate",
      "deepslate_x",
      "deepslate_top"
    ]
  },
  {
    "id": "obsidian",
    "name": "Obsidian",
    "texture": "obsidian.png",
    "categories": [
      "Natural Blocks"
    ],
    "blockstates": [
      "obsidian"
    ]
  },
  {
    "id": "crying_obsidian",
    "name": "Crying Obsidian",
    "texture": "crying_obsidian.png",
    "categories": [
      "Natural Blocks",
      "Functional"
    ],
    "blockstates": [
      "crying_obsidian"
    ]
  },
  {
    "id": "bedrock",
    "name": "Bedrock",
    "texture": "bedrock.png",
    "categories": [
      "Natural Blocks"
    ],
    "blockstates": [
      "bedrock"
    ]
  },
  {
    "id": "lava",
    "name": "Lava",
    "texture": "lava_full.png",
    "categories": [
      "Natural Blocks"
    ],
    "blockstates": [
      "lava",
      "lava_small"
    ]
  },
  {
    "id": "magma_block",
    "name": "Magma Block",
    "texture": "magma_block.png",
    "categories": [
      "Natural Blocks",
      "Functional"
    ],
    "blockstates": [
      "magma_block"
    ]
  },
  {
    "id": "soul_sand",
    "name": "Soul Sand",
    "texture": "soul_sand.png",
    "categories": [
      "Natural Blocks"
    ],
    "blockstates": [
      "soul_sand"
    ]
  },
  {
    "id": "soul_soil",
    "name": "Soul Soil",
    "texture": "soul_soil.png",
    "categories": [
      "Natural Blocks"
    ],
    "blockstates": [
      "soul_soil"
    ]
  },
  {
    "id": "coal_ore",
    "name": "Coal Ore",
    "texture": "coal_ore.png",
    "categories": [
      "Natural Blocks"
    ],
    "blockstates": [
      "coal_ore"
    ]
  },
  {
    "id": "copper_ore",
    "name": "Copper Ore",
    "texture": "copper_ore.png",
    "categories": [
      "Natural Blocks"
    ],
    "blockstates": [
      "copper_ore"
    ]
  },
  {
    "id": "iron_ore",
    "name": "Iron Ore",
    "texture": "iron_ore.png",
    "categories": [
      "Natural Blocks"
    ],
    "blockstates": [
      "iron_ore"
    ]
  },
  {
    "id": "lapis_ore",
    "name": "Lapis Lazuli Ore",
    "texture": "lapis_ore.png",
    "categories": [
      "Natural Blocks"
    ],
    "blockstates": [
      "lapis_ore"
    ]
  },
  {
    "id": "redstone_ore",
    "name": "Redstone Ore",
    "texture": "redstone_ore.png",
    "categories": [
      "Natural Blocks",
      "Redstone"
    ],
    "blockstates": [
      "redstone_ore"
    ]
  },
  {
    "id": "emerald_ore",
    "name": "Emerald Ore",
    "texture": "emerald_ore.png",
    "categories": [
      "Natural Blocks"
    ],
    "blockstates": [
      "emerald_ore"
    ]
  },
  {
    "id": "gold_ore",
    "name": "Gold Ore",
    "texture": "gold_ore.png",
    "categories": [
      "Natural Blocks"
    ],
    "blockstates": [
      "gold_ore"
    ]
  },
  {
    "id": "diamond_ore",
    "name": "Diamond Ore",
    "texture": "diamond_ore.png",
    "categories": [
      "Natural Blocks"
    ],
    "blockstates": [
      "diamond_ore"
    ]
  },
  {
    "id": "deepslate_coal_ore",
    "name": "Deepslate Coal Ore",
    "texture": "deepslate_coal_ore.png",
    "categories": [
      "Natural Blocks"
    ],
    "blockstates": [
      "deepslate_coal_ore"
    ]
  },
  {
    "id": "deepslate_copper_ore",
    "name": "Deepslate Copper Ore",
    "texture": "deepslate_copper_ore.png",
    "categories": [
      "Natural Blocks"
    ],
    "blockstates": [
      "deepslate_copper_ore"
    ]
  },
  {
    "id": "deepslate_iron_ore",
    "name": "Deepslate Iron Ore",
    "texture": "deepslate_iron_ore.png",
    "categories": [
      "Natural Blocks"
    ],
    "blockstates": [
      "deepslate_iron_ore"
    ]
  },
  {
    "id": "deepslate_lapis_ore",
    "name": "Deepslate Lapis Lazuli Ore",
    "texture": "deepslate_lapis_ore.png",
    "categories": [
      "Natural Blocks"
    ],
    "blockstates": [
      "deepslate_lapis_ore"
    ]
  },
  {
    "id": "deepslate_redstone_ore",
    "name": "Deepslate Redstone Ore",
    "texture": "deepslate_redstone_ore.png",
    "categories": [
      "Natural Blocks"
    ],
    "blockstates": [
      "deepslate_redstone_ore"
    ]
  },
  {
    "id": "deepslate_emerald_ore",
    "name": "Deepslate Emerald Ore",
    "texture": "deepslate_emerald_ore.png",
    "categories": [
      "Natural Blocks"
    ],
    "blockstates": [
      "deepslate_emerald_ore"
    ]
  },
  {
    "id": "deepslate_gold_ore",
    "name": "Deepslate Gold Ore",
    "texture": "deepslate_gold_ore.png",
    "categories": [
      "Natural Blocks"
    ],
    "blockstates": [
      "deepslate_gold_ore"
    ]
  },
  {
    "id": "deepslate_diamond_ore",
    "name": "Deepslate Diamond Ore",
    "texture": "deepslate_diamond_ore.png",
    "categories": [
      "Natural Blocks"
    ],
    "blockstates": [
      "deepslate_diamond_ore"
    ]
  },
  {
    "id": "raw_copper_block",
    "name": "Block of Raw Copper",
    "texture": "raw_copper_block.png",
    "categories": [
      "Natural Blocks"
    ],
    "blockstates": [
      "raw_copper_block"
    ]
  },
  {
    "id": "raw_iron_block",
    "name": "Block of Raw Iron",
    "texture": "raw_iron_block.png",
    "categories": [
      "Natural Blocks"
    ],
    "blockstates": [
      "raw_iron_block"
    ]
  },
  {
    "id": "raw_gold_block",
    "name": "Block of Raw Gold",
    "texture": "raw_gold_block.png",
    "categories": [
      "Natural Blocks"
    ],
    "blockstates": [
      "raw_gold_block"
    ]
  },
  {
    "id": "prismarine",
    "name": "Prismarine",
    "texture": "prismarine.png",
    "categories": [
      "Natural Blocks",
      "Building Blocks"
    ],
    "blockstates": [
      "prismarine"
    ]
  },
  {
    "id": "amethyst_block",
    "name": "Block of Amethyst",
    "texture": "amethyst_block.png",
    "categories": [
      "Natural Blocks",
      "Building Blocks",
      "Redstone"
    ],
    "blockstates": [
      "amethyst_block"
    ]
  },
  {
    "id": "budding_amethyst",
    "name": "Budding Amethyst",
    "texture": "budding_amethyst.png",
    "categories": [
      "Natural Blocks"
    ],
    "blockstates": [
      "budding_amethyst"
    ]
  },
  {
    "id": "melon",
    "name": "Melon",
    "texture": "melon.png",
    "categories": [
      "Natural Blocks"
    ],
    "blockstates": [
      "melon"
    ]
  },
  {
    "id": "pumpkin",
    "name": "Pumpkin",
    "texture": "pumpkin.png",
    "categories": [
      "Natural Blocks"
    ],
    "blockstates": [
      "pumpkin"
    ]
  },
  {
    "id": "carved_pumpkin",
    "name": "Carved Pumpkin",
    "texture": "carved_pumpkin.png",
    "categories": [
      "Natural Blocks"
    ],
    "blockstates": [
      "carved_pumpkin"
    ]
  },
  {
    "id": "jack_o_lantern",
    "name": "Jack o'Lantern",
    "texture": "jack_o_lantern.png",
    "categories": [
      "Natural Blocks"
    ],
    "blockstates": [
      "jack_o_lantern"
    ]
  },
  {
    "id": "hay_block",
    "name": "Hay Bale",
    "texture": "hay_block.png",
    "categories": [
      "Natural Blocks"
    ],
    "blockstates": [
      "hay_block",
      "hay_block_x",
      "hay_block_z"
    ]
  },
  {
    "id": "dried_kelp_block",
    "name": "Dried Kelp Block",
    "texture": "dried_kelp_block.png",
    "categories": [
      "Natural Blocks"
    ],
    "blockstates": [
      "dried_kelp_block"
    ]
  },
  {
    "id": "bee_nest",
    "name": "Bee Nest",
    "texture": "bee_nest.png",
    "categories": [
      "Natural Blocks",
      "Functional"
    ],
    "blockstates": [
      "bee_nest",
      "bee_nest_full",
      "bee_nest_x"
    ]
  }
]